id,material,layout,seed,support_cells,workers,peak_depth,final_depth,grounded_ticks,max_overlap,floor_tick,sha256
player-000,2,flat,0,8,1,0.0,0.0,1768,0,-1,b1b6203b962c83dcca52a484aac9e78ada9a17a49d3a52812ecea6c5a0565ced
player-001,2,flat,1,8,1,0.0,0.0,1768,0,-1,dfbef865cb270e871eca579018519f002d9196f431f3a01268b8f3b4cbcaa6a4
player-002,2,flat,2,8,1,0.0,0.0,1768,0,-1,d5114459735bf3145e4ebf1403f194b875ccadc2a4e94e770556da38910a2c5a
player-003,2,flat,3,8,1,0.0,0.0,1768,0,-1,a7240c4e98d481f7a6227f39cda196d59bc217db0972298525eb2546a4213485
player-004,2,flat,4,8,1,0.0,0.0,1768,0,-1,83cd4e8304265f03bbe06b84f0d7383f652558cb4ffb25779988d5ae17aa225c
player-005,13,flat,0,8,1,0.0,0.0,1768,0,-1,23d922c841aab029651c78acd84259df39c6fb72b95fc394d18f164a3572796f
player-006,13,flat,1,8,1,0.0,0.0,1768,0,-1,67c0fbc0da23d9d2f7c81d279639a9411f24f9ef2d61cd7696af3add1416db09
player-007,13,flat,2,8,1,0.0,0.0,1768,0,-1,ec173df94ceaddb7085fadb2c73a7b63f543602846844588467da0485f9cee95
player-008,13,flat,3,8,1,0.0,0.0,1768,0,-1,94eb7f13375d22584748914758ae435604e84601721c215d89210ff300647a3d
player-009,13,flat,4,8,1,0.0,0.0,1768,0,-1,b5759453885eaf6260e2d500c3bebab930a2ddf3aba345026aad367cacebecd1
player-010,14,flat,0,8,1,0.0,0.0,1768,0,-1,7f069a9f44fe86189139a23735b86a34d108ff4ae28058016223c8172a09c52e
player-011,14,flat,1,8,1,0.0,0.0,1768,0,-1,b824434ecd226f92a08f89d4a5dca40bf5ef09b39b12bf5c364e950a04cd9705
player-012,14,flat,2,8,1,0.0,0.0,1768,0,-1,d25db8a7a32372f5c6e7a61126df52d5e0837c73c2e9c655d2599e1a0e6eec40
player-013,14,flat,3,8,1,0.0,0.0,1768,0,-1,97962efb0ee23553cabfbcf8c1f2042a45283bffbc43aa7403c97635c7187b87
player-014,14,flat,4,8,1,0.0,0.0,1768,0,-1,f0cb07544a41c3a99acaffba480885f46afcf44f6050573356de610105ffd0ab
player-015,19,flat,0,8,1,0.0,0.0,1768,0,-1,98ce2a8dc770d54ea2259bcb1f72e25330357e1fd6760b49a7db072f134e9620
player-016,19,flat,1,8,1,0.0,0.0,1768,0,-1,f32d4df7eb2642df1ce5e58c05a5ae399a0b13f8a863f478422728c655c32b31
player-017,19,flat,2,8,1,0.0,0.0,1768,0,-1,c03c0e85f67909d022f7269597576781427c8a314f2f05d7e0ba5dfd65fbd0df
player-018,19,flat,3,8,1,0.0,0.0,1768,0,-1,c1cee7226b2134271720245271d5a7f6e32839d1d00be6149f4298d77c191ae8
player-019,19,flat,4,8,1,0.0,0.0,1768,0,-1,31c8a30e06187ac85698e83c3b101ba6d1992ae6fdbc16a7e1330fe743223278
player-020,23,flat,0,8,1,0.0,0.0,1768,0,-1,08b752038c0aa4e24d1abc424e681c569f6f27db324879257f32f9c092711f10
player-021,23,flat,1,8,1,0.0,0.0,1768,0,-1,d146847893ef8c4e8c1726a5777d0006d7c608d772aece4016d73f53e9f1afcd
player-022,23,flat,2,8,1,0.0,0.0,1768,0,-1,534d8a0b7762318ddbdc417133ffdb38a5c3a6b598069cb91fbb184c3360293a
player-023,23,flat,3,8,1,0.0,0.0,1768,0,-1,1105c5c4c21b098f57f4ec6facd721ef1384e3ef7eccf004acbfa4aca97e5911
player-024,23,flat,4,8,1,0.0,0.0,1768,0,-1,80196471b14c5b9f650b806d9422c8ee1f746dddacbcfa6fadc3159c4aee9a9d
player-025,25,flat,0,8,1,0.0,0.0,1768,0,-1,5b7a7cd69e604ab3147e30e432d22239b8f11e39879565b5d94bac03001a60af
player-026,25,flat,1,8,1,0.0,0.0,1768,0,-1,f9c28d78bbeec8ef8540011170b669991fcb81dc9e130e3bdb24f7bbd027a8a1
player-027,25,flat,2,8,1,0.0,0.0,1768,0,-1,342715341e04e5979d82cfabbfeb5d45710ed81678677b5c3f4bd82cb59ce93a
player-028,25,flat,3,8,1,0.0,0.0,1768,0,-1,1ff980ccbe11e86091473a87e07cf62b45b93d2ef2a992dc8e41882be5522b55
player-029,25,flat,4,8,1,0.0,0.0,1768,0,-1,fed5808ef9e1c75a4961a76f8779c1a958365b46d818b92113ad71361f0df176
player-030,26,flat,0,8,1,0.0,0.0,1768,0,-1,5edbaa88179e93d7a5fe9e308b7aa19c6d8e907bba50e3baef0344981ed391ae
player-031,26,flat,1,8,1,0.0,0.0,1768,0,-1,697292edc6107a3db045a7ca17dbeaac795641238e7eeb6739b822b9afef7c5f
player-032,26,flat,2,8,1,0.0,0.0,1768,0,-1,7e04be41506448c1eed69d37e46efa01f733b6e988e40570d9fa32c2c3c57abb
player-033,26,flat,3,8,1,0.0,0.0,1768,0,-1,aad158e51940c598ded79061519c60a99f40e07648dc266019808bebe3ec192b
player-034,26,flat,4,8,1,0.0,0.0,1768,0,-1,d70137834e85f9a64cadeac897fcd3160c7c6041af817d787d3df3cdc90375e4
player-035,27,flat,0,8,1,0.0,0.0,1768,0,-1,5018e2c2c18268b06db6217b7998ad58f520d11833e672e82694e34cdb447a31
player-036,27,flat,1,8,1,0.0,0.0,1768,0,-1,62277d6fb589ac80fb684b616efe893d7f81d31c4cae149011ffa164acb1e5c6
player-037,27,flat,2,8,1,0.0,0.0,1768,0,-1,c2861e50f63d1fd1f233542d743278a7dabd3d628635648123dbf528dd3ed848
player-038,27,flat,3,8,1,0.0,0.0,1768,0,-1,a88e42a8f51d251c266d7f09aaa1fb60033636442a257fc3a2696e23ecc37865
player-039,27,flat,4,8,1,0.0,0.0,1768,0,-1,a55be3280ef57d7f782bbec988a6641c1005f707e4cdefa4ea23d31f55dc28b0
player-040,29,flat,0,8,1,0.0,0.0,1768,0,-1,92c4ca03491f3429cd497a4f082ef484c256be04a64b97622bc4162657c2f728
player-041,29,flat,1,8,1,0.0,0.0,1768,0,-1,a31679b4fbce05064d7b7abe4c43ef2019a132ee5f5e0c23761fc83d165d6a2c
player-042,29,flat,2,8,1,0.0,0.0,1768,0,-1,97f6e5f16099a4ca5b06891af851e8dc4ea697cf289927faf50b7632828b8003
player-043,29,flat,3,8,1,0.0,0.0,1768,0,-1,d5ef3978fd7300cbb1f94cd076dea64e134cd81feea4fa775a108968ad896149
player-044,29,flat,4,8,1,0.0,0.0,1768,0,-1,e5b059ce34be71293295c8c1958b59378dcfe30b6135017527ca088d037a8429
player-045,2,walk,0,8,1,0.0,0.0,1768,0,-1,2b3ac338476672854f4c4c3eaab4b5a4261d4276df42f7ed9b1e251610d72673
player-046,2,walk,1,8,1,0.0,0.0,1768,0,-1,58026da9ae6418943a03dc6a7d1b6b752f47d75e01b4e380f996b3c7eee8125b
player-047,2,walk,2,8,1,0.0,0.0,1768,0,-1,7fa9b47e47c198c370036d1b3da971f92584b264fdfc095bb5d26d8409ff745f
player-048,2,walk,3,8,1,0.0,0.0,1768,0,-1,efd57ddf96588441615fa56eb82343e001baa8a2b839b20679c437d5384741bf
player-049,2,walk,4,8,1,0.0,0.0,1768,0,-1,746df55c871a61dc4e14f62ca463012f75a8d8a6dc89dabebfecc3427f9f470c
player-050,2,slope,0,8,1,20.9978179931641,20.9822692871094,1484,0,-1,38ccab33e391f84d1414bc78bdab5bd041cacf0df75aa45a47e9e690ee8d682b
player-051,2,slope,1,8,1,20.9978179931641,20.9822692871094,1484,0,-1,8e093881c72886d4735b2902331618b56a36fd27054bc21fdd372f84f1b100bb
player-052,2,slope,2,8,1,20.9978179931641,20.9822692871094,1484,0,-1,2fb42c83c61773ee8fd0df60af91f7f0e7fd83551f0cc835a50941be8d4b2b14
player-053,2,slope,3,8,1,20.9978179931641,20.9822692871094,1484,0,-1,07e58105122f70199fb403dfa9688311440d1e689b02242101339b959d9ec0db
player-054,2,slope,4,8,1,20.9978179931641,20.9822692871094,1484,0,-1,0dcd70bcb084b848ba74be6925520115df79dc70459e77566e944d2af22650b6
player-055,2,side,0,8,1,0.0,0.0,1596,0,-1,6837055bc48028678ab627c8c6894ef87b3f5630669189600d1aea062477d74a
player-056,2,side,1,8,1,0.0,0.0,1595,0,-1,dba0c695c9c8f592d12388334976e72d817b6e37e4ff262ecfbc21a83ed2906d
player-057,2,side,2,8,1,0.0,0.0,1601,0,-1,b2d4f3ac7e77dda8d02d6cbbb6f884241a3ca48de6ce5790c456cdd2a88b63b6
player-058,2,side,3,8,1,0.0,0.0,1595,1,-1,6e117ad558c5e762f3c39b79758ce7e62a8f6d3867b5fc235e8f4fbba0d5992e
player-059,2,side,4,8,1,0.0,0.0,1598,0,-1,6fc957c76b4284f280a188b87bac0deb7cedb23347bb546affa6e1b5d595eff5
player-060,2,film,0,8,1,383.991394042969,383.991394042969,1496,8,305,e7f714a4b263665077636d9685a9ca71b4164cad32bc6c1e03481253161bdf77
player-061,2,film,1,8,1,383.991516113281,383.991516113281,1496,8,305,b250e896615200d492e3f83a1142b02eba087eb6ca2fecadf2f06fb65805d287
player-062,2,film,2,8,1,383.991577148438,383.991577148438,1496,8,305,bb3210d2b7551b94bf73e816fc9afd38bd86ded2a132f2fb224b61c976ebe77a
player-063,2,film,3,8,1,383.991455078125,383.991455078125,1496,8,305,c59594d9d3a6cdd4c93db24dac03e46bcf5acc8af238c5c585b2dad79b9f47c5
player-064,2,film,4,8,1,383.991516113281,383.991516113281,1496,8,305,48cf177929b4a02961d0230e6e872f3c71bd7027a6b0d99a23f0f1f31cc6c08a
player-065,2,falling,0,8,1,383.984680175781,375.984680175781,1471,64,330,20050f7da5da3c79c13f68751b83e5882155a4b20d710eaedb5775aa0be0dda3
player-066,2,falling,1,8,1,383.999206542969,375.999206542969,1474,48,327,edf78e8a8fd65efb150fceaa0d161c16a18cc2865413cbd622b9d06c41a23904
player-067,2,falling,2,8,1,383.978210449219,375.978210449219,1472,48,324,3f95c1d89bf6a28211b798b512040e66ccb2a9f2743d11d492b82cb828760f63
player-068,2,falling,3,8,1,383.980285644531,375.980285644531,1465,64,330,82b5404d708d2bf166fdd157cded0b2a6bb18051e6cf470cd7dd88e6cd0002c8
player-069,2,falling,4,8,1,383.994812011719,375.994812011719,1469,48,327,c91b9b321e86bd2adb0c25f1bdd7166c50d8a650b26061009b7fda8375ac4796
player-070,2,enclosed,0,8,1,0.0,0.0,1800,0,-1,91ed4733f096bcbb9542ac7aec925e96730ecde2abcf8bff34627fe67a9ae329
player-071,2,enclosed,1,8,1,0.0,0.0,1800,0,-1,88d8515d9dc2cc0adc27494acb18866904343c7b266c4d91a81b09e0f69dafb7
player-072,2,enclosed,2,8,1,0.0,0.0,1800,0,-1,d582563ab999920c7001eb9a5c4e36bd0db3484ee0f0b3dcccc07d3beaa73c9c
player-073,2,enclosed,3,8,1,0.0,0.0,1800,0,-1,571371c6742fb7aa41652356f3c9c33661ecd325f306b7d99fc74146fd02c969
player-074,2,enclosed,4,8,1,0.0,0.0,1800,0,-1,64a24f23eade8e211fb85df94f18d6de90cad2d5b070ec30ac0251179881434b
player-075,2,excavate,0,8,1,205.853057861328,167.977355957031,1579,60,-1,fa530063b80d95e09865568c1568820f1a0932f2929549872684a6bc1efbaa4e
player-076,2,excavate,1,8,1,213.76416015625,152.994049072266,1592,66,-1,6b11dd9f9c05cccb946aecdb762c8974c363c792c09880a552a318988c6cd0a5
player-077,2,excavate,2,8,1,214.197418212891,151.989440917969,1580,57,-1,a2e42f8adeb701eba39e6923b8f6aa55f6064a55d315130efeed0d9f94ac1cdd
player-078,2,excavate,3,8,1,212.764221191406,151.994110107422,1593,63,-1,bff2e35b6034f8046d77238a369051bbeb2375c5558b2ab2d0260c2faf8a816e
player-079,2,excavate,4,8,1,210.897521972656,154.999725341797,1594,35,-1,bb7222f62240426a9c6484048c60fc59b669ce494b44167a444499893fb4e65f
player-080,2,reentry,0,8,1,0.0,0.0,1768,0,-1,577561a1a8d7bc020930e15cc3ebc799a6e1da08e83710dc72876836faf981bc
player-081,2,reentry,1,8,1,0.0,0.0,1768,0,-1,879960e2606de8226e70f009e58bd6b65fe57a661c6e968c0a3dbafd90649f40
player-082,2,reentry,2,8,1,0.0,0.0,1768,0,-1,692ba1246b10448188a0004351ceed46f246b737e0b0ac04c67704e89ce9a1dc
player-083,2,reentry,3,8,1,0.0,0.0,1768,0,-1,fcf6c7753024988081ae8f70a0432a119abbd09089ff33d41412fb85983942f5
player-084,2,reentry,4,8,1,0.0,0.0,1768,0,-1,cf02daac68f9166d8874e8b965b8cfd66af8c471a1bcce0a46b1be5bd4bf2f16
player-085,14,walk,0,8,1,0.0,0.0,1768,0,-1,8520f3f90cd3a5523701271c38b6db61fb87be49cf5e07675ec306a28d6dfb5b
player-086,14,walk,1,8,1,0.0,0.0,1768,0,-1,01124f23bc7bc1a58f05d216a44d961dacf6617456c1ddb59810bc92c9a0c47b
player-087,14,walk,2,8,1,0.0,0.0,1768,0,-1,0a9917c80bfe104e88dfeb94714391f2d73e6d4114502bff78663ed2298b4166
player-088,14,walk,3,8,1,0.0,0.0,1768,0,-1,c3a86b8ec03ff588c577be958f2c4c5ca6726d06c98b41de15bd2bc8656f8293
player-089,14,walk,4,8,1,0.0,0.0,1768,0,-1,cbeee3f7ed9726c4db25fab1560c575170638e11884c92b4f673b849ce2f8a90
player-090,14,slope,0,8,1,20.9978179931641,20.9822692871094,1484,0,-1,40d5483f91905dc457f4df93097703ef3277012486e94a82f9c65e61ce9e561f
player-091,14,slope,1,8,1,20.9978179931641,20.9822692871094,1484,0,-1,58b553bef547bbc3a604c6cba464709699b6580dc42fc0811bee3fc233aca5ca
player-092,14,slope,2,8,1,20.9978179931641,20.9822692871094,1484,0,-1,def7992b92a1257b6881f92867aa8c56899225dc2d1e9af6796b209f4ca770c1
player-093,14,slope,3,8,1,20.9978179931641,20.9822692871094,1484,0,-1,d54479a6d1949debb6d6a2391306546988ed6d45816ec4fd0f949b0c1de4f8bb
player-094,14,slope,4,8,1,20.9978179931641,20.9822692871094,1484,0,-1,7a98d0cf4b44e0e77bd2cd193caaff60d33ec661e870e6daed4c0794bafaa32f
player-095,14,side,0,8,1,0.0,0.0,1596,0,-1,341740ee69237433c7394de5b2813f962709213ad9f6846c7c7d687bb1785d3a
player-096,14,side,1,8,1,0.0,0.0,1595,0,-1,96439e993fda76101a6d82833c539686e1151da9be28fe8b8cbe9cbda1258eb4
player-097,14,side,2,8,1,0.0,0.0,1601,0,-1,2d925228be0f599f9e7a88823eeee5e2dda8db18308e8308842011641c11e471
player-098,14,side,3,8,1,0.0,0.0,1595,1,-1,2820288afa458fc2da838146a36a64a905c030b1ff10af4f2f70b8b5e795bf62
player-099,14,side,4,8,1,0.0,0.0,1598,0,-1,0584a8ed9257692a3d37aa3b20f333604525913a751e1c2c49b6c38bfac92c89
player-100,14,film,0,8,1,383.991394042969,383.991394042969,1496,8,305,95bd6cde11cb1d8a1e3185f629f735d6a2cae8870efd2044d780dd3bb2729d07
player-101,14,film,1,8,1,383.991516113281,383.991516113281,1496,8,305,141ec4b2b69deb36d99d9815a55e9bbe633a3b2dc8b8bbe6876f3d5d453a5de5
player-102,14,film,2,8,1,383.991577148438,383.991577148438,1496,8,305,9cb86652b932c0560ea12ba7b8154333848cfe4b2d48bfdac302a264efdd60d7
player-103,14,film,3,8,1,383.991455078125,383.991455078125,1496,8,305,1ab174a0e9f78e6391ac4470ac6fa58bfc00b0fd89cb1948d24e6353c483ce81
player-104,14,film,4,8,1,383.991516113281,383.991516113281,1496,8,305,20d9b38e08a88cc531d08c3e439e1b0cf3682e086416b9b90111622318f154a8
player-105,14,falling,0,8,1,383.984680175781,375.984680175781,1471,64,330,4b7396d5f87984c647dc6f35b44f32a7b91b3994b35d2f4dba9765365529747c
player-106,14,falling,1,8,1,383.999206542969,375.999206542969,1474,48,327,ff60fd7518df3b549e6faff9772a3e0e140f88b28b9721c493c8d365e9b89a60
player-107,14,falling,2,8,1,383.978210449219,375.978210449219,1472,48,324,f1f111c2cd4e6ee21029dd1d70cd79264825a4bf6e875dab28c75ca9632b6306
player-108,14,falling,3,8,1,383.980285644531,375.980285644531,1465,64,330,56dc93e98e1cbcbcc2f69a2e67840b955eab2a5af0f03d7a7c1ea2f4900f3d8d
player-109,14,falling,4,8,1,383.994812011719,375.994812011719,1469,48,327,20bfb918ab272bfed79ca9a1cd9a83b3b98043db3d9ea26749f272f0b9bbd795
player-110,14,enclosed,0,8,1,0.0,0.0,1800,0,-1,250f5facba6aa80f85e1e4e9e245366a3fd9c99a39c7bfb4d4a019ee2a80b636
player-111,14,enclosed,1,8,1,0.0,0.0,1800,0,-1,cfa6e37ffd913f0cad6734ca362881e1f3610b1bac2a139558cc19ade5efee7a
player-112,14,enclosed,2,8,1,0.0,0.0,1800,0,-1,7ca6c3fba4a6c0a1fc5b66befbf6f883485721808d6a3a0e1a3e10600cb0a2a7
player-113,14,enclosed,3,8,1,0.0,0.0,1800,0,-1,1a74ed62669238983b9691c93881e1b0c3473fd580e2b46d0b6a03b597c3c036
player-114,14,enclosed,4,8,1,0.0,0.0,1800,0,-1,645038c4cb83b515166297428bf6df29124899db755882d8896fd8079afd7735
player-115,14,excavate,0,8,1,205.853057861328,167.977355957031,1579,60,-1,4d5f432295ac4f255759b190b0e723a1b38ef452553847a216282cf33a3d5cbe
player-116,14,excavate,1,8,1,213.76416015625,152.994049072266,1592,66,-1,c27d06e0bedd7d18aa48d160d3578f004c8841de801af60215c61d74c6bf9537
player-117,14,excavate,2,8,1,214.197418212891,151.989440917969,1580,57,-1,0479ce8aaf056c75e972ce2e3aad5b2d246ee98f38e07d088e02035eeea28437
player-118,14,excavate,3,8,1,212.764221191406,151.994110107422,1593,63,-1,96b6c50c766306395b39ad2a6320935c8eb0c00798ec025c09c631906c440ea8
player-119,14,excavate,4,8,1,210.897521972656,154.999725341797,1594,35,-1,797965c1050a1dd55ad7df1a3e25ec77be712f5f374dcee92fd961ab92dc551e
player-120,14,reentry,0,8,1,0.0,0.0,1768,0,-1,f438ffd09aae4568d2abc77542598bda3364c0c5cfc041aa665e6e8b7aebe68f
player-121,14,reentry,1,8,1,0.0,0.0,1768,0,-1,64518b1847a1b8b132443388319facd0cf8d1caf0dcea1fac70c27caa8c5721c
player-122,14,reentry,2,8,1,0.0,0.0,1768,0,-1,2ddaf88b836b9723c159a548f0c2fc225f5fc02d3d99d14c91016d24e83dd69f
player-123,14,reentry,3,8,1,0.0,0.0,1768,0,-1,7f33e25a67993defbbb9a3dc884ddce5b0c08dabf7f7118d855f37bc8f020314
player-124,14,reentry,4,8,1,0.0,0.0,1768,0,-1,85916a6731c53dad53456564633160c24968f3a96be111c1eb0fee3203bc6e46
player-125,29,walk,0,8,1,0.0,0.0,1768,0,-1,d6afb9c221dccb5c7b1abb26610951a02fad68093a22c9dceeabc6349666a856
player-126,29,walk,1,8,1,0.0,0.0,1768,0,-1,a706efb6c5783c9e5c8e0b7a78f526e15affe6ebe635670405cfc310631257bd
player-127,29,walk,2,8,1,0.0,0.0,1768,0,-1,8c4384f17a27629f9dbf2067c597e7abc9bf754413e363806a0602b10766acff
player-128,29,walk,3,8,1,0.0,0.0,1768,0,-1,76fefb4fb4c0d7ba25fda98dc412e497b249351eb98b63363620b51437829ed8
player-129,29,walk,4,8,1,0.0,0.0,1768,0,-1,9b4c3fff40ceaf796fb7b1f680b7426ebe5da69f71c1add6a38a2a5cd36ae6eb
player-130,29,slope,0,8,1,20.9978179931641,20.9822692871094,1484,0,-1,ad11e095be671545aded64ae60cf02875a50c253cef56d02cfcdcd0f525f1a51
player-131,29,slope,1,8,1,20.9978179931641,20.9822692871094,1484,0,-1,94d100a9b50ffc7751dafffa85df69c79ede341d3947e32f6b74a45593ca632b
player-132,29,slope,2,8,1,20.9978179931641,20.9822692871094,1484,0,-1,b20f16e34153ac23a725d0a3098a8c4c20d7e81b1fa260bffca5b8070e35e286
player-133,29,slope,3,8,1,20.9978179931641,20.9822692871094,1484,0,-1,a8a382c1336bcb737429ff8d67bf61096acb19992ab9f08b7c962ef6653e0183
player-134,29,slope,4,8,1,20.9978179931641,20.9822692871094,1484,0,-1,c255d43986a90426cc931307bc802f0cdb7cc068d6fe28bc8bc42a861c91096b
player-135,29,side,0,8,1,0.0,0.0,1596,0,-1,058cf99404de11da3a41210fb7a806a3d2bff0d664463532d0abff3d08805499
player-136,29,side,1,8,1,0.0,0.0,1595,0,-1,f7fbd007f7bcc9a2c990882497cdbe440ec78cb6ff2f13fb970e55a6a1e46e42
player-137,29,side,2,8,1,0.0,0.0,1601,0,-1,07a553dee243cc431cfe6baa7aa963451f96383e16d82e89507fc9d1d2e1db6c
player-138,29,side,3,8,1,0.0,0.0,1595,1,-1,db2678024f3ed6809c0fd29c035cc0c8833f9a4bfc0978e954e9e144f3cdf3fc
player-139,29,side,4,8,1,0.0,0.0,1598,0,-1,2a6cdcc0cce55655964f3c1470f6ce436f374c2b80432098b9a5260588a9a9ee
player-140,29,film,0,8,1,383.991394042969,383.991394042969,1496,8,305,054ab256deb840b96ab256fe4b4233c8c27e07b458467c8874fd6ff869122349
player-141,29,film,1,8,1,383.991516113281,383.991516113281,1496,8,305,09a979a09db4f51940b0565e9b8f712b8468238aa7d42d5bf857a2ce34ba624b
player-142,29,film,2,8,1,383.991577148438,383.991577148438,1496,8,305,73a18e30d544c22aac06ab17ee2a4f5ee680f8fd5a6bdbc8e34f796f1175303e
player-143,29,film,3,8,1,383.991455078125,383.991455078125,1496,8,305,6e3196917cb90e8f1740012a03baedc496c7e99bb224c12c202e0a8b74f92af8
player-144,29,film,4,8,1,383.991516113281,383.991516113281,1496,8,305,cd9815c60d106ad9850ca164c10e049c27a21b99d81b9d4dba359b754cb6b499
player-145,29,falling,0,8,1,383.984680175781,375.984680175781,1471,64,330,5fdc3f1cb9218ca3beaace9fd1fef199cc87556abd0d5805cedc513905b4d2a9
player-146,29,falling,1,8,1,383.999206542969,375.999206542969,1474,48,327,ffb3f9abb42106a728483d86687f6ba0af810aab87a26e3c2e1af72987a47533
player-147,29,falling,2,8,1,383.978210449219,375.978210449219,1472,48,324,daee319135b36e7b5d4980dfd8ef32b908121367eefa590096bef603f9ba564c
player-148,29,falling,3,8,1,383.980285644531,375.980285644531,1465,64,330,eaa49ce63640da8d55285f41bcb7817f7f69e0f4e3726ccc8fbd8341dfc53f5e
player-149,29,falling,4,8,1,383.994812011719,375.994812011719,1469,48,327,ccc7702fd4228a7e4568880d99f7127bb02bb98f608fc3fb4b24aca89739ca23
player-150,29,enclosed,0,8,1,0.0,0.0,1800,0,-1,9615f18951efbda0a19afa6f342f4c01d6a57802fd9818696269f7ac902c51ab
player-151,29,enclosed,1,8,1,0.0,0.0,1800,0,-1,0716fccf239b91eeba01b6fb153edd9113afa6806b53f844a89ab51641ac9814
player-152,29,enclosed,2,8,1,0.0,0.0,1800,0,-1,9dfae137777d86d084698dd3d76c337c420f8573ac552327c1974077873229ad
player-153,29,enclosed,3,8,1,0.0,0.0,1800,0,-1,ea8d31de998c0408bed382c507a6fac2033e3f7c8f13e7ba1f678aa6de62841f
player-154,29,enclosed,4,8,1,0.0,0.0,1800,0,-1,af719864da6eec069046348be202f67d2ee898d30145b9aa50db406595dc7388
player-155,29,excavate,0,8,1,205.853057861328,167.977355957031,1579,60,-1,1d8617b45b69963a6cbc155f32016ec533cd3c591040f49aaa6b8d994485a6cb
player-156,29,excavate,1,8,1,213.76416015625,152.994049072266,1592,66,-1,9bedb5eebd55851924f84c3d45c3bbf3a9e3d5fdfdb717ef009b2f64321cbd0d
player-157,29,excavate,2,8,1,214.197418212891,151.989440917969,1580,57,-1,6bd571a411e73fd7b675d742728f168efccc6478fd2b282c808e3865be0faa76
player-158,29,excavate,3,8,1,212.764221191406,151.994110107422,1593,63,-1,a75d3cb5279a32685f4f1cb1e1c0e9f4ad133dcf24533e24e2eb8c5eb407d0c3
player-159,29,excavate,4,8,1,210.897521972656,154.999725341797,1594,35,-1,ec216aff592434eedbadc663f7cfb70f7cebcc15e21a0bcac63c9787918e17bd
player-160,29,reentry,0,8,1,0.0,0.0,1768,0,-1,5f9fc72fda073eaf87dfb4405879abf218cb03ac0d7763469290e8592dd56889
player-161,29,reentry,1,8,1,0.0,0.0,1768,0,-1,96c48433545561ad1cf602c18fb123e89adb1337d97976c0a307ede255d0c54a
player-162,29,reentry,2,8,1,0.0,0.0,1768,0,-1,d42dae492a75061168b03ea537da801e3199877bcf35c16adae59612f50c70dd
player-163,29,reentry,3,8,1,0.0,0.0,1768,0,-1,b627ad7c44f11b4bc68cede8484bf3350beee720a61bd311c735a87b7847ae9e
player-164,29,reentry,4,8,1,0.0,0.0,1768,0,-1,204ff081f41c5ca2ec2e3c12dd75f844173796445e31090d2c3c1c792a57c43a
player-165,2,flat,0,6,1,0.0,0.0,1768,0,-1,443b9ec583690ee87055bad7d0bb5f07232c0a9e72362313d1fc28d071a470c1
player-166,2,flat,1,6,1,0.0,0.0,1768,0,-1,e08f58bfde949e64a61d7a8a19f5c4ace9a9b338fe6b9e2e08714266b063c213
player-167,2,flat,2,6,1,0.0,0.0,1768,0,-1,1254b59f134c9b74a94b719b22e7563a5d72355f2c64e4bb72ec926de3b2f97b
player-168,2,flat,3,6,1,0.0,0.0,1768,0,-1,2f4ff6cfb27a2181b21680aba64cd1a2b08a9a7ae50ad35b6d97a282b68d67c1
player-169,2,flat,4,6,1,0.0,0.0,1768,0,-1,c0e69d9f3dbbddacf1393ddc8fdd2417d2370897f42cb2211c47fa6919a281b0
player-170,2,slope,0,6,1,20.9978179931641,20.9822692871094,1484,0,-1,67f829e4078af27879b8c876600b053a2e99c641a0d350ab3fbde27b9f99cd91
player-171,2,slope,1,6,1,20.9978179931641,20.9822692871094,1484,0,-1,1c97f04eb0e5dca6b3a6ca3db0e47c2203cc760eee32f6f0996bf80b47cdb3a7
player-172,2,slope,2,6,1,20.9978179931641,20.9822692871094,1484,0,-1,0eee8c5e3b7e70997ea7b4ad261fe4748de19ce345981dfbe9a0761d2682bb3d
player-173,2,slope,3,6,1,20.9978179931641,20.9822692871094,1484,0,-1,d683e92a28977f65c5d5061673af526c25dfb89447013feba7d351794800e82c
player-174,2,slope,4,6,1,20.9978179931641,20.9822692871094,1484,0,-1,bb7e1c502757d1d4200a1e7a5c9bff84afc26a78941556da44350cfd6a04c165
player-175,2,side,0,6,1,0.0,0.0,1596,0,-1,891a2278b5f14f5f4bcd4c138f0d471d8b531687efc629d965747a6f300df105
player-176,2,side,1,6,1,0.0,0.0,1595,0,-1,d20016b54e911b55d257d1b093e9034e5fa84ac2f2676808c29af271a71b86f5
player-177,2,side,2,6,1,0.0,0.0,1601,0,-1,a56bd614f424f0d29645cf29a5d71d56ed3082058d11c095fb9b77dccb578749
player-178,2,side,3,6,1,1.52587890625e-05,0.0,1584,0,-1,eaa01d57ef29c61fde32e83b8d81bc93c98db68f21db924470393d2b999a252b
player-179,2,side,4,6,1,0.0,0.0,1598,0,-1,53c21bdcfa2b2ce88b0173d64d00750f52cd023fcd9cded6062f5fa311ce02b1
player-180,14,flat,0,6,1,0.0,0.0,1768,0,-1,630d147f79cdd7b4d3d00bd0d366485fa01db80a881bb18775c074965e2faa6a
player-181,14,flat,1,6,1,0.0,0.0,1768,0,-1,09c7422f5e49e98cccc7aea615ad8c8850296e89c2b6c531c47347c8c867339d
player-182,14,flat,2,6,1,0.0,0.0,1768,0,-1,07e7eae2cae7a9b3f3eb437bc8fb921298baaeb6fde2d8e7b21f5b93e193fa04
player-183,14,flat,3,6,1,0.0,0.0,1768,0,-1,18aad4087db774e83ca4b3531d0064ea8504787a029337cd2a149c4370c318a7
player-184,14,flat,4,6,1,0.0,0.0,1768,0,-1,80c5b99502d7e0e2fd585f6a3ecea6c4ce3a06f7c36f9e2fe05f6db727b23f66
player-185,14,slope,0,6,1,20.9978179931641,20.9822692871094,1484,0,-1,4f6c32040a9d8b8bc5edd5e6f278c44c5c23d8c911580020d5f523bc7600a69e
player-186,14,slope,1,6,1,20.9978179931641,20.9822692871094,1484,0,-1,2697c53a335c5adff6563a3733933732fb05f1dfd944be8a191b9512b63ee4a6
player-187,14,slope,2,6,1,20.9978179931641,20.9822692871094,1484,0,-1,53def633c778563083fd26a41007001244970d4997ecce16ff539f9ea09eecd9
player-188,14,slope,3,6,1,20.9978179931641,20.9822692871094,1484,0,-1,c4ed0e00064a8aeabdc18d63c4c8b3b3367ab9fdd603f308be34b63bc64909f1
player-189,14,slope,4,6,1,20.9978179931641,20.9822692871094,1484,0,-1,0136c4ae33f56bdfcb4505034852dfe83e769560dcb76d9b5e198f189a3a1520
player-190,14,side,0,6,1,0.0,0.0,1596,0,-1,f036dfa323378f85f558fb35f0d51176339bf7121fb2c1ba184f22c528667116
player-191,14,side,1,6,1,0.0,0.0,1595,0,-1,c93403d3c1df9136d5d564c4da5c7eceb115102680beb7b31d002fd14c62f364
player-192,14,side,2,6,1,0.0,0.0,1601,0,-1,e3846dd374325e048fbc909063794c47f94847c701b24838768b85a9ced30891
player-193,14,side,3,6,1,1.52587890625e-05,0.0,1584,0,-1,e460ad2a4de972aedf4c500e34cf5c9b69fb87efe292dd50b6b5484a5b726074
player-194,14,side,4,6,1,0.0,0.0,1598,0,-1,54f56cb74c718a6803e9d63ba425daadbb7d0c3107e9de267a77396d014b71f6
player-195,29,flat,0,6,1,0.0,0.0,1768,0,-1,0986ef01ca972f207d38e12a528ad6d378c42c2e639a521ae1416323fc91d480
player-196,29,flat,1,6,1,0.0,0.0,1768,0,-1,f5dea5957a4a3e7b019f1644aec5eeaf5d1d175396556a30d686030f89a541c9
player-197,29,flat,2,6,1,0.0,0.0,1768,0,-1,b192259d28e38a949b9cb8900f724606a9b93f875f2e7376d6742f8b8f894c3c
player-198,29,flat,3,6,1,0.0,0.0,1768,0,-1,3f817c7e909857e6a86442c43138d29724e6e92c33dd45517e69ee5b0db60557
player-199,29,flat,4,6,1,0.0,0.0,1768,0,-1,7ca4e4f6fbd15cca8bf90d28e79e51f9ab83be4a55bfba8a5a82a194b70946ca
player-200,29,slope,0,6,1,20.9978179931641,20.9822692871094,1484,0,-1,e25a54329015ff33e5389915d91eb24fcc9cf53bbe89f80a779a7619796adbaf
player-201,29,slope,1,6,1,20.9978179931641,20.9822692871094,1484,0,-1,4ad970445988d770d449b40b31edad3de2905d9afe2cf48f1b05db68d03727f3
player-202,29,slope,2,6,1,20.9978179931641,20.9822692871094,1484,0,-1,480679e5c1fd9bd4253aeed39cdbf24d8f2a34df477b54f7504b356ad45aaea3
player-203,29,slope,3,6,1,20.9978179931641,20.9822692871094,1484,0,-1,96588c3951d713079642c72d89bd7dd0bbe1ba942412e48b9da851c1bf156f5e
player-204,29,slope,4,6,1,20.9978179931641,20.9822692871094,1484,0,-1,581b3b081909456526fbd0c8dd3bee0975826ef5db1fad497deb876cdf8091cd
player-205,29,side,0,6,1,0.0,0.0,1596,0,-1,f4f1c5ce18a16fa1db5ceb4b1dfa759da568fce5789449892efe678f68313477
player-206,29,side,1,6,1,0.0,0.0,1595,0,-1,665778b86d000cd8073e038a26a5a6e7e4262f038f4aa053eb1fe1e0e1123306
player-207,29,side,2,6,1,0.0,0.0,1601,0,-1,1c7c30df88eb7e39fb6adfd4eadd992ad514810b640934faadb1a8856513a709
player-208,29,side,3,6,1,1.52587890625e-05,0.0,1584,0,-1,4fb95a96415d08543460527f5f06f00f29a0bc50bb8d9376d11982b54e21d427
player-209,29,side,4,6,1,0.0,0.0,1598,0,-1,f36a80eee82aba5ff718d12a08f95221b4734136c6eb3ceadca4e58560a1b88c
player-210,2,flat,0,9,1,0.0,0.0,1768,0,-1,c40f06b7ab5886d4de4d3fd127ab51ffe79c852f07b35c20395820ed854340a9
player-211,2,flat,1,9,1,0.0,0.0,1768,0,-1,5e18c5e5c3d8bff93c27b4234efe9f5117961ade17123c2f4054a179dcaab846
player-212,2,flat,2,9,1,0.0,0.0,1768,0,-1,e6ac0430a12077acea42e2f364633d0f089e3df91fa01523855cf4246eb12dc7
player-213,2,flat,3,9,1,0.0,0.0,1768,0,-1,b3770e7fc8b077da8e5d0cc3c1651aded539df18bbb5adb75d2b37a8fcf5fe5f
player-214,2,flat,4,9,1,0.0,0.0,1768,0,-1,dacfd4299eeed90500c17d87609d00a0dd2de17073d294e4fa9501bd7f86e3ea
player-215,2,slope,0,9,1,22.0000152587891,21.9811401367188,1432,1,-1,e43d594b7e7af09b027a3bd85b6d4d8bab3accbfa789a13f538d43ace79c28a5
player-216,2,slope,1,9,1,22.0000152587891,21.9811401367188,1432,1,-1,0681ed343a7f6742f39b7adc24822145a508fbd16171d38763268d023286deef
player-217,2,slope,2,9,1,22.0000152587891,21.9811401367188,1432,1,-1,afc54adb1eccfa1701f9d43667a0d516381509a72e0ebefda930b7cf306faaca
player-218,2,slope,3,9,1,22.0000152587891,21.9811401367188,1432,1,-1,81d698eb40d2200caa28e9b85d13e5d4a7e91b5ece0f67b5f10aeef40b69a51a
player-219,2,slope,4,9,1,22.0000152587891,21.9811401367188,1432,1,-1,5ab0a14d3c5f2ddc296f01815a66b302642acdaafd29c22fe3dc87d9296ce507
player-220,2,side,0,9,1,0.0,0.0,1596,2,-1,77f42a6d7ea61ffe79cbecefcd7775b097abf114f8617cb256cd0448c37014f6
player-221,2,side,1,9,1,0.0,0.0,1603,2,-1,43e5e5cf3f52ff09c54f352899fd1de0e6b5e1aaa0db3b72fc46df02fd53a0f2
player-222,2,side,2,9,1,0.0,0.0,1588,2,-1,a949844d3f629bd119beda60e23e3f3a454e22493c4a68de3c1be0fa967af9c6
player-223,2,side,3,9,1,0.0,0.0,1595,1,-1,6df07eb54ed956f92334a1e185ebe0879d3c4bd05546300c215f94a3cc50fc2d
player-224,2,side,4,9,1,0.0,0.0,1582,2,-1,52b9e7eba059f7a8e764e9947475481572b44b6a2b76d1751746748cca1ba2dd
player-225,14,flat,0,9,1,0.0,0.0,1768,0,-1,7129a4c6fd34b33b9095a086dfd07e3a4012e1a5c95eba5247ffeeab4188dd39
player-226,14,flat,1,9,1,0.0,0.0,1768,0,-1,c3ff21ceb112e2b23c2d1c2f674dd2c4cec03b9b45524bacca2171aaa1403563
player-227,14,flat,2,9,1,0.0,0.0,1768,0,-1,0b465f811e9ef93e126910c1d5818788e22811b7d9edbe8869f2fb5be83da604
player-228,14,flat,3,9,1,0.0,0.0,1768,0,-1,1c7ae146c94dc90a4af5a4c942ab38cd8bee9e7780addc2580153b0a456818b5
player-229,14,flat,4,9,1,0.0,0.0,1768,0,-1,d5038076e886867a4683e3086d06133fc150214f6fb4f3277ad303e61cfd44ad
player-230,14,slope,0,9,1,22.0000152587891,21.9811401367188,1432,1,-1,513d7200a00b6f836ce458db9b28cff122dc40ecddc82d91198fb943d99173b4
player-231,14,slope,1,9,1,22.0000152587891,21.9811401367188,1432,1,-1,84408195de6cd063e6204d4ea9672b67b08e761a18e063bc85e03a41c84d8c0c
player-232,14,slope,2,9,1,22.0000152587891,21.9811401367188,1432,1,-1,94af08d9697d04d5a47eeeaf6a1cea91fe243fd1e5c84ab49e1a20a313ea85a7
player-233,14,slope,3,9,1,22.0000152587891,21.9811401367188,1432,1,-1,f54022cf3772d24d7e463e6cdd520fd5e8eea36f0fed8b8d5465c82aa6a01423
player-234,14,slope,4,9,1,22.0000152587891,21.9811401367188,1432,1,-1,822b7d1c2b63d77896695526e651a962f9374941886439b666242540217f62f9
player-235,14,side,0,9,1,0.0,0.0,1596,2,-1,faa82c51f715b111160b37a4e74e3323e267f3112ec7f9aa3ef20c538cdf1cf1
player-236,14,side,1,9,1,0.0,0.0,1603,2,-1,67f79b97f5691c54b62eefaca4e02a272eeaae7113f66d598d5d1a9ae18fc911
player-237,14,side,2,9,1,0.0,0.0,1588,2,-1,28479d941390090253b4bbfc0ca108b28368c6e0595de49c691c5cc226c8e3c7
player-238,14,side,3,9,1,0.0,0.0,1595,1,-1,d76945932ba3790467c83d9f0abfc78b8d31323b6e1a96735b1d7824aaa79589
player-239,14,side,4,9,1,0.0,0.0,1582,2,-1,11e8e71abb738df609ed7dac5c0bb0e24c342450b4942246a4316af0d95b7ae1
player-240,29,flat,0,9,1,0.0,0.0,1768,0,-1,4130968d9c24168a1d93187efd244fa89c9ce06fc96ce8509a129e26e517f3db
player-241,29,flat,1,9,1,0.0,0.0,1768,0,-1,fd8faeaf13910cba44e62a49c8ae7a915ef26f5041f4840845d68df2ce371e54
player-242,29,flat,2,9,1,0.0,0.0,1768,0,-1,096290dbf98fc8e0c5252a215a6fc07d436898411d3cd00e3da18aa8c80dbb7c
player-243,29,flat,3,9,1,0.0,0.0,1768,0,-1,abab96db2bfaf856a9ff3d383775832b8cfc74f97c3a5c05aa2132353db40649
player-244,29,flat,4,9,1,0.0,0.0,1768,0,-1,164a5e5d9705aa6661111ecab8dfe871768f385364a997dcf3efec4e4d76f2f2
player-245,29,slope,0,9,1,22.0000152587891,21.9811401367188,1432,1,-1,29ffbb3ca61c734234121a0e08ac48094a4186b1817a0cd71fcba2b251999afd
player-246,29,slope,1,9,1,22.0000152587891,21.9811401367188,1432,1,-1,37b3706b87d380cccf0931bf53fbfe2c4bab50429678b929defb9175a1e42656
player-247,29,slope,2,9,1,22.0000152587891,21.9811401367188,1432,1,-1,fc93d490e90ad7a063c128840df23849066cd0dc56461e1045c23a59087baeb5
player-248,29,slope,3,9,1,22.0000152587891,21.9811401367188,1432,1,-1,315b3bc839d5329bcf30e292050211558b18b0ab652ba910a1d7e37a1db7236b
player-249,29,slope,4,9,1,22.0000152587891,21.9811401367188,1432,1,-1,14ba3420e6e1ad0096463e4194270c43a6629924d8e5696719de930222fc3611
player-250,29,side,0,9,1,0.0,0.0,1596,2,-1,debb072508b57aa7b0badf5c68ac8147776198ebb893963190aad584072a8318
player-251,29,side,1,9,1,0.0,0.0,1603,2,-1,f0f3d05c71c4b372b83905a691cb17dbcaeeee864b70e505a26d3921a82c6840
player-252,29,side,2,9,1,0.0,0.0,1588,2,-1,cdc2383bae2632b33e793b18cc01311c5a28ff857f82ac61032ec619a60f7dcd
player-253,29,side,3,9,1,0.0,0.0,1595,1,-1,41705ef28b1b33bf8cb28ca3a987a81d100e394745400566e9cebc02a4615b60
player-254,29,side,4,9,1,0.0,0.0,1582,2,-1,8d2437f32637b7f79958523d688058016743091eaa01c0674f5723f03c2f22f2
player-255,14,walk,0,8,1,0.0,0.0,1768,0,-1,f47fe1a52b033b193c454433135ef59f8c7c3655c356a08ea3935ccc14ed6b22
player-256,14,walk,0,8,4,0.0,0.0,1768,0,-1,3ffb4d1449c38d314d05ac62c2560172a9a9c5044e4730695f95001203eec369
